media_dias,media_dias_entre_movs,qtd_media_procs,pontuacao_cluster_proc,pontuacao,id_cluster
-948.3141536151367,-147.34381880388193,79.875,25,48,0
1387.7730440991138,99.75683846422712,1555.184802431611,16,27,1
6.382352941176471,0.053316580314613574,1.1764705882352942,21,40,2
2284.378721332434,484.8182721548706,159.53277545327754,8,15,3
