media_dias,media_movs,media_movs_loc,media_movs_nac,media_assuntos,media_dias_entre_movs,mov_mais_comum1,mov_mais_comum2,qtd_processos,pontuacao,id_cluster
1231.4421070831652,26.668318828885944,0.93764048181661,25.730678347069333,2.691026453806697,69.86249751579196,51,11010,17351,19,1
1261.730896531875,18.25514462512592,0.27097424089797095,17.984170384227948,2.945747589581235,142.3941938177383,970,26,6949,14,2
3942.4977405247814,30.291836734693877,0.6118075801749271,29.68002915451895,2.5951166180758016,253.7518000786461,970,85,13720,9,3
