media_dias,media_movs,media_movs_loc,media_movs_nac,media_assuntos,media_dias_entre_movs,mov_mais_comum1,mov_mais_comum2,qtd_processos,pontuacao,id_cluster
-1118.364776444929,27.43984005816067,0.41566703017084694,27.02417302798982,1.955834242093784,-57.430568733245615,51,60,5502,24,0
391.7047624696044,39.11161852796394,0.3057351284028231,38.80588339956112,4.022537216060732,38.7647486973215,51,1061,16861,14,1
84.36000536121163,35.84532904436403,0.36389223964616,35.481436804717866,4.1749095295536796,28.53505457307052,1061,92,7461,19,2
3734.0832105728355,40.56050338818974,2.3326318447746117,38.22787154341513,1.9309314365082706,307.1131984556111,118,92,23759,13,3
