media_dias,media_movs,media_movs_loc,media_movs_nac,media_assuntos,media_dias_entre_movs,mov_mais_comum1,mov_mais_comum2,qtd_processos,pontuacao,id_cluster
2246.088922499218,20.4860227391259,0.0,20.4860227391259,2.4575466777928443,206.64382636444404,51,11010,19174,19,1
2623.8205339939445,13.386319845857418,0.0,13.386319845857418,2.755849160473438,656.7941678394208,11385,51,7266,14,2
4547.732897537246,22.423228944968077,0.015658254788689572,22.407570690179387,2.8748859835816356,1661.278810229546,51,0,13156,9,3
