media_dias,media_movs,media_movs_loc,media_movs_nac,media_assuntos,media_dias_entre_movs,mov_mais_comum1,mov_mais_comum2,qtd_processos,pontuacao,id_cluster
-1635.4157119476267,51.85854570960954,11.98036006546645,39.87818564414309,0.060790273556231005,-93.86461901966881,51,51,4277,26,0
277.67150890346767,73.96344892221181,13.235238987816308,60.7282099343955,0.5940721649484536,18.026737427725628,51,11010,17072,17,1
407.9498892580288,52.59080841638981,11.728959025470653,40.86184939091916,0.37652270210409744,0.2839345612818002,11010,51,3612,19,2
3615.9947368421053,21.52427843803056,2.9683361629881153,18.555942275042444,1.717402376910017,770.7057027193955,26,51,11780,8,3
