media_dias,media_movs,media_movs_loc,media_movs_nac,media_assuntos,media_dias_entre_movs,mov_mais_comum1,mov_mais_comum2,qtd_processos,pontuacao,id_cluster
-1068.3909635776856,41.46580605501767,0.1049638850468726,41.3608421699708,0.8604579683417858,-145.70118983713522,60,60,6507,24,0
94.2046864794252,220.3032331809275,0.5553559764859569,219.74787720444155,4.542782495101241,4.157562158468173,60,118,12248,15,1
17.366998950682056,81.36752360965373,0.3620146904512067,81.00550891920251,2.7544596012591813,2.9679473485816175,581,60,3812,20,2
4403.826305220883,81.08599397590362,0.30632530120481927,80.7796686746988,1.7758032128514056,207.88666830168506,60,60,19920,11,3
