media_dias,media_movs,media_movs_loc,media_movs_nac,media_assuntos,media_dias_entre_movs,mov_mais_comum1,mov_mais_comum2,qtd_processos,pontuacao,id_cluster
1912.2626900584796,55.92707602339181,0.0,55.92707602339181,2.69672514619883,118.40762613443395,60,11010,17100,18,1
3465.7217898832687,61.636421575204615,0.0,61.636421575204615,3.0323359720917753,117.13009201934608,11010,51,29812,15,2
6518.946706586827,60.398003992015965,0.0,60.398003992015965,1.6730538922155689,918.434000883002,60,132,5010,9,3
