media_dias,media_movs,media_movs_loc,media_movs_nac,media_assuntos,media_dias_entre_movs,mov_mais_comum1,mov_mais_comum2,qtd_processos,pontuacao,id_cluster
1423.6688136526286,46.35540875309661,0.0,46.35540875309661,3.0765207817230937,71.92405380333425,60,11010,18165,12,1
519.2192662145713,31.33924534863502,0.0,31.33924534863502,2.418362023995827,41.77157085481191,970,60,5751,21,2
4344.651749082272,55.30182465990067,0.0,55.30182465990067,3.461509393219607,376.51923784285685,60,106,18524,9,3
