media_dias,media_movs,media_movs_loc,media_movs_nac,media_assuntos,media_dias_entre_movs,mov_mais_comum1,mov_mais_comum2,qtd_processos,pontuacao,id_cluster
-1250.178846153846,60.51346153846154,7.334615384615384,53.17884615384615,0.676923076923077,-91.84613551845173,51,51,1560,24,0
335.4737138213415,23.918047133837593,1.9979371132087267,21.92011002062887,3.601987872726136,11.292763643325817,26,12749,15997,20,1
504.80771979985707,28.719442458899213,3.008577555396712,25.7108649035025,3.1304503216583273,83.04726475639143,970,26,2798,14,2
3094.3385259850766,70.07252258148972,10.979447571671685,59.09307500981804,0.04699568006283545,229.41925968709984,51,51,7639,12,3
