media_dias,media_movs,media_movs_loc,media_movs_nac,media_assuntos,media_dias_entre_movs,mov_mais_comum1,mov_mais_comum2,qtd_processos,pontuacao,id_cluster
742.5407237080964,27.04332566864335,0.7469442091250151,26.296381459518336,3.207128161684618,50.5576202551299,51,1061,16526,17,1
802.4594017094017,27.878679962013294,0.7075023741690408,27.171177587844255,2.7020417853751186,100.24801200382288,1051,51,4212,15,2
3573.9212455221823,30.950785340314138,1.0208321851749793,29.929953155139156,5.494902176908239,384.3544380025789,51,51,18145,10,3
