media_dias,media_movs,media_movs_loc,media_movs_nac,media_assuntos,media_dias_entre_movs,mov_mais_comum1,mov_mais_comum2,qtd_processos,pontuacao,id_cluster
2514.2602069972695,53.90024763477046,0.44993332910026035,53.450314305670204,2.5206044828243064,50.16762581547369,51,11010,15749,19,1
2706.998044965787,44.407624633431084,0.282642089093702,44.124982544337385,2.8958246055020247,78.07078791941287,11010,51,7161,14,2
4467.361551256237,87.94966296069333,0.6617350958592314,87.2879278648341,3.571215967784295,106.22240982755534,51,60,11423,9,3
