media_dias,media_movs,media_movs_loc,media_movs_nac,media_assuntos,media_dias_entre_movs,mov_mais_comum1,mov_mais_comum2,qtd_processos,pontuacao,id_cluster
-949.2749071259709,21.536980749746707,0.01485984464707869,21.52212090509963,8.325903411009794,-134.0906039958348,85,51,2961,22,0
775.8500273672687,28.95183360700602,0.11007723651401813,28.841756370492003,4.39785927142249,76.9397064136439,60,11010,16443,21,1
941.0883233532934,22.938622754491018,0.07584830339321358,22.862774451097806,4.774700598802395,133.39638807297874,1061,51,4008,14,2
4278.37366283893,50.431253547570186,0.05405405405405406,50.37719949351613,3.9170850980220933,607.4593200966668,60,51,22903,13,3
