media_dias,media_movs,media_movs_loc,media_movs_nac,media_assuntos,media_dias_entre_movs,mov_mais_comum1,mov_mais_comum2,qtd_processos,pontuacao,id_cluster
-1335.5517191977078,58.899140401146134,0.09212034383954154,58.80702005730659,1.4429799426934098,-58.5751577618615,60,132,6980,27,0
543.5913464447806,38.29573373676248,0.24574886535552193,38.049984871406956,2.2707413010590014,41.27290707527853,60,11010,16525,13,1
193.06276071293135,20.384338263177852,0.23094425483503983,20.153394008342815,1.7559726962457338,68.50355154418847,970,92,5274,21,2
3239.3653463155565,45.0056797226525,0.5274028177325367,44.478276904919966,0.6254333554621229,224.19234024005948,51,1051,13557,9,3
