media_dias,media_movs,media_movs_loc,media_movs_nac,media_assuntos,media_dias_entre_movs,mov_mais_comum1,mov_mais_comum2,qtd_processos,pontuacao,id_cluster
-1193.7278533510284,36.8057398805574,0.0,36.8057398805574,2.0034837425348373,-48.27075184718021,123,92,12056,27,0
12.117207636188896,23.972696693023458,0.0,23.972696693023458,1.8375344021667905,0.775501993938223,123,981,22891,14,1
-11.569940992710864,12.03956959389101,0.0,12.03956959389101,1.844151336341548,-0.7508281080323186,123,51,2881,20,2
3168.00472233574,18.341415792580484,0.0,18.341415792580484,0.20101711846705717,729.0567399839648,123,51,22023,9,3
