media_dias,media_movs,media_movs_loc,media_movs_nac,media_assuntos,media_dias_entre_movs,mov_mais_comum1,mov_mais_comum2,qtd_processos,pontuacao,id_cluster
1375.4532120523024,19.338487777146106,0.0,19.338487777146106,1.9765776009096077,153.7122655938951,60,11385,8795,15,1
1128.0307994001614,12.537547583342946,0.0,12.537547583342946,3.061137386088361,163.55835124609,970,26,8669,19,2
4906.462753818246,9.445491251682368,0.0,9.445491251682368,3.082041079056703,1006.2849794141036,970,26,17089,8,3
