media_dias,media_movs,media_movs_loc,media_movs_nac,media_assuntos,media_dias_entre_movs,mov_mais_comum1,mov_mais_comum2,qtd_processos,pontuacao,id_cluster
355.22678286945927,35.63030643800956,0.5822322181613719,35.04807421984819,4.090057164277012,24.20789057708391,60,1061,10671,19,1
661.8821664464994,27.80554821664465,0.43645970937912815,27.369088507265523,4.128665785997358,120.60619409788288,1061,92,3785,15,2
3927.8187885656716,17.401334844478026,0.449250724090165,16.95208412038786,3.633799269613399,1473.807427826543,51,0,15882,8,3
