media_dias,media_movs,media_movs_loc,media_movs_nac,media_assuntos,media_dias_entre_movs,mov_mais_comum1,mov_mais_comum2,qtd_processos,pontuacao,id_cluster
-393.0125016624551,102.2142572150552,75.82763665381034,26.386620561244847,0.4352972469743317,-34.092969924332785,1,0,7519,25,0
824.43219470538,90.3994022203245,64.04175918018787,26.357643040136637,3.1646456020495304,78.81643550680602,51,11010,11710,16,1
379.7836083310793,47.493102515553154,22.42656207736002,25.06654043819313,3.935352988909927,64.92717114507928,1051,51,3697,21,2
4184.1845596143885,155.27693901127356,143.98741186312392,11.289527148149624,1.2307293948930407,417.33131573622813,0,0,25103,8,3
