media_dias,media_movs,media_movs_loc,media_movs_nac,media_assuntos,media_dias_entre_movs,mov_mais_comum1,mov_mais_comum2,qtd_processos,pontuacao,id_cluster
-424.44943820224717,21.51685393258427,0.48314606741573035,21.03370786516854,2.4831460674157304,-14.697122281915702,0,0,89,22,0
1136.0964393042527,43.983334851106456,0.017211547217921865,43.96612330388854,3.9209543757399143,36.67860968858728,60,11010,10981,16,1
396.11743575573365,21.9850787510362,0.012987012987012988,21.972091738049183,3.653495440729483,18.138712459820457,26,0,3619,19,2
4719.504422421142,106.2854326513214,0.015025575447570333,106.27040707587383,2.6353367433930095,200.05663307917663,60,51,18768,13,3
