media_dias,media_movs,media_movs_loc,media_movs_nac,media_assuntos,media_dias_entre_movs,mov_mais_comum1,mov_mais_comum2,qtd_processos,pontuacao,id_cluster
-1508.5357142857142,12.535714285714286,7.491071428571429,5.044642857142857,9.232142857142858,-244.08180349947256,85,0,112,24,0
419.28787967804476,39.064802303037425,0.5240585159508842,38.54074378708654,6.316491392985136,36.195025184685825,60,1061,17021,15,1
286.36507191994997,32.10131332082552,0.4529393370856786,31.648373983739837,8.393839899937461,30.54798242258016,970,60,6396,18,2
4600.296954549662,22.585346662963993,0.9101638433768398,21.675182819587153,2.3102841803202816,1771.1624527175863,245,0,21606,13,3
