media_dias,media_movs,media_movs_loc,media_movs_nac,media_assuntos,media_dias_entre_movs,mov_mais_comum1,mov_mais_comum2,qtd_processos,pontuacao,id_cluster
-604.7861085556577,28.911683532658692,0.0,28.911683532658692,0.5731370745170193,-77.65704204530961,51,60,2174,26,0
106.52079984568894,53.1480743264965,0.0,53.1480743264965,0.7461582974345785,4.418550366575346,51,51,15553,13,1
65.68775274407857,40.35037550548816,0.0,40.35037550548816,0.8789716926632004,2.8022706174341776,970,51,6924,21,2
2030.0941369078073,28.834237184078585,0.0,28.834237184078585,1.5304410109485316,337.784538426945,51,0,9773,10,3
