media_dias,media_movs,media_movs_loc,media_movs_nac,media_assuntos,media_dias_entre_movs,mov_mais_comum1,mov_mais_comum2,qtd_processos,pontuacao,id_cluster
-978.8781725888325,86.3502538071066,0.0,86.3502538071066,12.786802030456853,-16.756512108460868,51,1061,197,22,0
418.3422573032794,49.18479941411018,0.0,49.18479941411018,9.16681585157458,14.513642189293856,51,11010,12289,22,1
424.3347210657785,39.77060782681099,0.0,39.77060782681099,8.797044129891757,81.90326743996086,1051,51,4804,15,2
4930.713876243467,178.63593829033888,0.0,178.63593829033888,9.941873208565166,125.69409818100166,581,60,23724,11,3
