media_dias,media_movs,media_movs_loc,media_movs_nac,media_assuntos,media_dias_entre_movs,mov_mais_comum1,mov_mais_comum2,qtd_processos,pontuacao,id_cluster
-573.8351462412376,118.71531302876481,117.9811457577955,0.7341672709693015,0.05390379502054629,-33.22180582310061,0,0,16548,26,0
1065.3180697428672,35.035399788657976,0.9656569214512152,34.06974286720676,3.8140190207819655,107.4316832452146,51,11010,5678,14,1
353.9230103806228,36.92906574394463,0.9279123414071511,36.00115340253748,3.9296424452133794,45.728723182106485,1051,51,3468,19,2
3951.6021040766486,39.79773310789655,10.732043333959547,29.065689773937002,2.3174275158118856,320.30711426116363,60,0,15969,11,3
