media_dias,media_movs,media_movs_loc,media_movs_nac,media_assuntos,media_dias_entre_movs,mov_mais_comum1,mov_mais_comum2,qtd_processos,pontuacao,id_cluster
-1289.6690924657535,23.486301369863014,3.4167380136986303,20.069563356164384,3.6209332191780823,-153.80526699528517,0,0,4672,26,0
89.76239761727476,28.33909158600149,0.026582278481012658,28.312509307520475,4.649590469099032,4.9957126316687575,60,1061,13430,13,1
-98.31327469012395,25.9734106357457,0.08036785285885646,25.893042782886845,4.427828868452619,-20.43933310374899,1061,92,5002,21,2
1594.0931496215796,9.408888026392393,5.131573840481273,4.27731418591112,0.23879293615369687,417.3296486115898,0,0,10306,10,3
