media_dias,media_movs,media_movs_loc,media_movs_nac,media_assuntos,media_dias_entre_movs,mov_mais_comum1,mov_mais_comum2,qtd_processos,pontuacao,id_cluster
-1953.7254350500966,63.124802249956055,2.979258217612937,60.14554403234312,6.1919493759887505,-488.3956687011186,132,123,5689,25,0
470.4055861815509,18.65902241822859,0.6441014332965821,18.01492098493201,4.586475560455715,82.77743527285593,26,51,13605,14,1
257.9921875,12.981370192307692,0.4362980769230769,12.545072115384615,5.762319711538462,74.71931598852645,1061,26,3328,22,2
3325.092009953,38.539397290572296,2.2457285042853194,36.29366878628698,2.046392037600221,621.2753923003272,51,51,18085,9,3
