media_dias,media_movs,media_movs_loc,media_movs_nac,media_assuntos,media_dias_entre_movs,mov_mais_comum1,mov_mais_comum2,qtd_processos,pontuacao,id_cluster
-165.9612188365651,3.221606648199446,1.2894736842105263,1.9321329639889198,0.907202216066482,-82.40705636973459,0,0,722,24,0
704.685457229212,44.38187952484712,0.659098896464469,43.72278062838265,5.595628031208266,61.5291006129313,60,1061,14227,14,1
157.95138521263456,22.227368978295395,0.8330686430209988,21.394300335274394,2.171784012705135,1.948539930318599,245,0,11334,19,2
5132.5091227325765,25.138273045507585,0.6668611435239207,24.471411901983664,5.689561896679749,1743.3184802355638,60,0,18854,13,3
